{"baseline": 0.0, "SimpleRNN": 0.039296649396419525, "LSTM_lr-1e-1": 0.06423945724964142, "GRU_lr-1e-1": 0.07695700228214264, "LSTM_lr-1e-2": 0.05624452605843544, "LSTM_lr-1e-3": 0.053646016865968704, "LSTM_lr-1e-3_RMSprop": 0.0529974065721035, "LSTM_lr-1e-3_adam_3-layers_1-DO": 0.07687370479106903, "X_full_LSTM_lr-1e-3_adam_3-layers_1-DO": 0.07042957842350006, "X_full_LSTM_lr-1e-3_adam_3-layers_1-DO_normalization_before_input": 0.06867940723896027, "Input - Norm - 2-LSTM - D - DO": 0.07415365427732468, "Input-Norm-LSTM_2-Dense_DO_2-Dense-Output": 0.07618261128664017, "Input-Norm-2-LSTM_2-Dense_DO_2-Dense-Output": 0.07608042657375336, "SimpleRNN Full": 0.04129650443792343}